2.5966,2.8715,1.1683,1.1999,1.1535,2.8676,-15.3898,-1.0329,0.0,-0.0,0.0,0.0,4.0,-1.0
2.5966,2.8715,1.1683,1.1999,1.1535,2.8676,170.4949,-1.6823,0.0,-0.0,0.0,0.0,4.0,-1.0
2.5203,2.8545,1.1931,1.1881,-0.0336,2.8014,326.8783,8.6116,0.0821,-0.0,0.0821,0.0,2.0,-1.0
1.2337,2.4197,2.7458,2.7182,1.1713,-0.035,548.7238,7.4488,0.1908,-0.0,0.1908,0.0,4.0,-1.0
1.2998,2.2872,2.6012,2.6165,1.1467,-0.0369,699.304,20.922,0.3355,-0.0,0.3355,0.0,5.0,-1.0
1.3815,2.1508,2.4507,2.5221,1.1179,-0.0392,735.0149,31.989,0.4861,-0.0,0.4861,0.0,5.0,-1.0
1.445,1.9979,2.3014,2.421,1.1023,-0.0587,784.7121,16.5448,0.6375,-0.0389,0.6584,0.0,0.0,-1.0
2.1268,1.5312,1.8132,-0.0897,2.3088,1.0849,804.4175,18.2345,0.8167,-0.0944,0.8462,0.0,4.0,-1.0
1.9765,1.6219,1.6544,-0.1196,2.2233,1.0652,805.44,17.9768,0.9726,-0.1399,1.0086,0.0,4.0,-1.0
1.5339,1.6992,1.8625,1.0467,2.1649,-0.1452,758.5739,17.8762,1.092,-0.1736,1.1327,0.0,7.0,-1.0
1.4441,1.7654,1.7746,1.0271,2.126,-0.1642,501.5509,30.8629,1.1842,-0.1942,1.2272,0.0,2.0,-1.0
1.3043,1.6559,1.8519,1.0105,-0.2093,2.064,582.5353,43.6644,1.3152,-0.248,1.369,0.0,2.0,-1.0
1.1558,1.5537,1.9285,1.0118,-0.2765,1.9966,718.7536,42.002,1.4402,-0.3282,1.5179,0.0,4.0,-1.0
1.0203,1.4721,2.0006,1.0191,-0.3483,1.938,774.8934,51.8516,1.5512,-0.4064,1.6536,0.0,2.0,-1.0
0.8654,1.4039,2.0778,1.0507,-0.4472,1.8706,803.8936,50.8477,1.6691,-0.5111,1.8116,0.0,1.0,-1.0
0.7065,1.354,2.0184,1.1059,-0.561,2.9621,807.2183,64.2489,1.7885,-0.6244,1.9764,0.0,2.0,-10.0
1.3474,1.9239,0.5782,-0.6691,2.9056,1.2151,733.2524,49.2834,1.8781,-0.7398,2.1229,0.0,6.0,-10.0
1.0143,2.699,2.9291,2.9794,1.2631,1.2182,-158.9179,-1.3135,-0.1522,-0.1238,2.3806,0.0,0.0,-1.0
1.0091,2.6921,2.9367,2.9732,1.2647,1.2172,5.3651,7.7994,-0.1469,-0.1299,2.3834,0.0,8.0,-1.0
1.0155,2.6576,2.9189,2.9381,1.2607,0.5554,173.0689,-6.5409,-0.1108,-0.1302,2.4196,0.0,0.0,-1.0
1.0509,2.5548,2.8688,2.8361,1.2446,0.5211,464.2234,-17.5337,0.0,-0.1224,2.5306,0.0,3.0,-1.0
1.1112,2.4563,2.8293,2.7457,1.2211,-0.0691,635.0248,-29.477,0.1124,-0.0995,2.6503,0.0,3.0,-1.0
1.2336,2.3217,2.6599,2.6385,1.174,-0.0526,717.2064,-43.2835,0.2787,-0.0439,2.8258,0.0,0.0,-1.0
1.3695,2.2347,2.5252,2.5824,1.1181,-0.0237,768.0107,-27.5404,0.4104,0.0362,2.9983,0.0,2.0,-1.0
1.4869,2.1693,2.4152,2.5447,1.0675,1.567,787.6172,-27.4358,0.5197,0.1051,3.1276,0.0,1.0,-1.0
1.6327,2.0945,2.2812,2.5042,1.0018,1.5307,798.9708,-29.9546,0.6556,0.1874,3.2865,0.0,1.0,-1.0
2.045,1.7709,2.1686,0.9361,2.479,1.4898,712.6769,-16.9524,0.7734,0.2714,3.4314,0.0,8.0,-1.0
2.0125,1.8545,2.0969,0.8951,2.4618,1.465,470.6079,-31.7219,0.8497,0.3175,3.521,0.0,0.0,-1.0
1.9813,1.9676,2.0086,0.8382,2.4446,1.4269,557.921,-30.4377,0.9471,0.384,3.6391,0.0,4.0,-1.0
1.9535,2.1101,1.9041,0.7647,2.4265,1.3739,702.6813,-43.9154,1.0676,0.4684,3.7863,0.0,0.0,-1.0
2.2603,1.9446,1.8087,2.4138,0.6865,1.3097,768.9178,-55.1992,1.1875,0.563,3.9391,0.0,3.0,-1.0
1.7464,1.9688,2.3735,1.2375,0.6147,-0.589,705.7108,-53.582,1.2847,0.6673,4.0819,0.0,7.0,-1.0
1.7233,1.9991,2.2916,1.1888,0.5732,-0.5756,462.8693,-40.2385,1.3359,0.7384,4.1697,0.0,2.0,-1.0
1.6744,2.0339,2.1556,1.1119,0.5062,-0.5617,597.4038,-56.3612,1.4338,0.8377,4.3096,0.0,3.0,-1.0
1.6496,2.0463,2.0765,1.0445,-0.5452,0.4544,668.491,-47.4397,1.5086,0.9246,4.4247,0.0,8.0,-1.0
1.6376,1.9597,2.0511,0.9889,-0.5294,1.5507,493.624,-45.8402,1.5669,0.996,4.5171,0.0,1.0,-1.0
1.6274,1.846,1.962,0.915,-0.5077,1.5099,577.8313,-32.5593,1.6451,1.0883,4.6381,0.0,5.0,-1.0
1.6101,1.7034,1.8715,0.8246,-0.4867,1.4491,714.0923,-33.597,1.7527,1.189,4.7858,0.0,4.0,-1.0
1.5993,1.5645,1.797,0.736,-0.4671,1.3829,711.4749,-32.8697,1.8614,1.2813,4.9284,0.0,7.0,-1.0
1.5982,1.4763,1.7546,0.6792,-0.4531,1.3377,481.2665,-46.0623,1.9309,1.3395,5.0191,0.0,0.0,-1.0
1.6201,1.3641,1.6902,0.6052,-0.4209,1.2781,578.4507,-44.6018,2.0132,1.4284,5.1405,0.0,4.0,-1.0
1.2332,1.6103,1.6689,-0.3656,1.2017,0.5194,724.9239,-31.5791,2.1066,1.5448,5.2898,0.0,5.0,-1.0
1.1088,1.5457,1.7243,-0.3022,1.1195,0.4405,673.6602,-19.3879,2.1998,1.6557,5.4346,0.0,8.0,-1.0
1.0458,1.5088,1.7651,-0.2557,1.0727,0.4007,326.4361,-6.6281,2.2465,1.7213,5.5151,0.0,5.0,-1.0
1.0162,1.4891,1.7888,-0.2281,1.0486,0.3819,136.5505,3.5789,2.2683,1.756,5.5562,0.0,5.0,-1.0
0.9953,1.4826,1.799,-0.2146,1.0324,0.3692,78.3091,2.0569,2.2858,1.7738,5.5813,0.0,7.0,-1.0
0.9772,1.4789,1.8063,-0.2042,1.0186,0.3583,68.7502,15.3627,2.3014,1.7876,5.6022,0.0,5.0,-1.0
0.9597,1.4781,1.811,-0.1966,1.0058,0.3482,63.9926,13.9648,2.317,1.7983,5.6213,0.0,7.0,-1.0
0.9418,1.4797,1.8137,-0.1909,0.9932,0.338,68.4552,14.1563,2.3336,1.8071,5.6401,0.0,4.0,-1.0
0.9145,1.4921,1.8078,-0.1931,0.9768,0.3232,129.2366,0.8942,2.3608,1.8102,5.6679,0.0,0.0,-1.0
0.8236,1.548,1.7783,-0.2175,0.9276,0.2738,430.9565,2.2945,2.4541,1.8081,5.7613,0.0,4.0,-1.0
0.6965,1.6326,1.7444,-0.2625,0.8641,0.2016,651.2626,-10.4162,2.5856,1.8051,5.8929,0.0,0.0,-10.0
2.5966,2.8715,1.1683,1.1999,1.1535,2.8676,-43.7619,4.84,0.0,-0.0,9.7742,0.0,2.0,-1.0
2.5966,2.8715,1.1683,1.1999,1.1535,2.8676,221.0837,-4.8358,0.0,-0.0,9.7742,0.0,0.0,-1.0
1.2119,2.4709,2.8012,2.7599,1.18,-0.0343,544.2461,10.2802,0.1354,-0.0,9.9096,0.0,5.0,-1.0
1.2705,2.3427,2.6619,2.6579,1.1574,-0.0361,699.8553,9.2437,0.2748,-0.0,10.0489,0.0,1.0,-1.0
1.3073,2.2024,2.5274,2.5517,1.1485,-0.0532,686.9409,-3.7321,0.4112,-0.0384,10.2017,0.0,6.0,-1.0
1.3528,2.1407,2.4564,2.5108,1.1323,-0.0522,386.0901,10.3283,0.4819,-0.0322,10.2734,0.0,8.0,-1.0
1.4018,2.1199,2.4163,2.502,1.1108,-0.0397,154.3521,-5.946,0.5206,-0.0,10.3374,0.0,6.0,-1.0
1.4095,2.1084,2.4035,2.4947,1.1081,-0.04,74.4114,3.1665,0.5334,-0.0,10.3502,0.0,5.0,-1.0
1.4219,2.09,2.3829,2.4832,1.1037,-0.0403,99.5442,-8.2554,0.554,-0.0,10.3708,0.0,0.0,-1.0
1.4774,2.0119,2.2951,2.4361,1.084,-0.0418,406.7616,7.6878,0.6419,-0.0,10.4587,0.0,2.0,-1.0
1.5529,1.9129,2.1823,2.3808,1.0564,-0.044,530.725,19.2963,0.7547,-0.0,10.5715,0.0,8.0,-1.0
1.644,1.8745,2.1045,2.3694,1.0118,-0.0204,338.7221,31.0185,0.8309,0.053,10.6746,0.0,2.0,-1.0
1.7103,1.7763,1.9977,2.3184,0.9869,-0.029,480.9666,30.0231,0.9381,0.0381,10.7835,0.0,4.0,-1.0
1.884,1.7721,1.6594,-0.051,2.2584,0.9678,544.3777,44.045,1.0534,-0.0,10.9177,0.0,8.0,-1.0
1.8156,1.8256,1.6034,-0.0529,2.2346,0.9435,294.1361,55.794,1.1219,-0.0,10.9863,0.0,8.0,-1.0
1.7676,1.8637,1.5648,-0.0543,2.2187,0.9255,208.7127,40.1713,1.17,-0.0,11.0343,0.0,0.0,-1.0
1.687,1.4601,1.8976,-0.0931,0.9236,2.166,449.9829,42.2395,1.2552,-0.0608,11.148,0.0,4.0,-1.0
1.5935,1.3408,1.949,-0.1388,0.9158,2.1097,575.0345,42.842,1.3567,-0.1244,11.2679,0.0,7.0,-1.0
1.5338,1.2741,1.9917,-0.1614,0.9013,2.0819,348.1198,56.0529,1.4211,-0.1504,11.3377,0.0,5.0,-1.0
1.4961,1.2296,2.0189,-0.1785,0.8926,2.0635,197.1702,67.3995,1.4626,-0.1697,11.3843,0.0,2.0,-1.0
1.1397,1.4592,2.0322,0.9154,-0.2369,2.0177,430.5323,66.0044,1.5165,-0.2465,11.4785,0.0,4.0,-1.0
1.0332,1.4342,2.0406,0.9626,-0.3168,1.9598,552.6722,66.7931,1.5721,-0.3508,11.5967,0.0,7.0,-1.0
0.9756,1.4168,2.0558,0.9835,-0.3581,1.9308,343.4253,80.307,1.608,-0.4005,11.6582,0.0,5.0,-1.0
0.9419,1.4092,2.0641,0.9988,-0.3835,1.9134,143.2187,78.5565,1.6281,-0.4313,11.695,0.0,7.0,-1.0
0.9215,1.405,2.0695,1.0087,-0.3992,1.9029,115.6211,88.218,1.6404,-0.4501,11.7175,0.0,2.0,-1.0
0.8712,1.4244,2.0586,1.0749,-0.4524,1.8656,355.7533,101.5636,1.6538,-0.5266,11.7954,0.0,2.0,-1.0
0.8114,1.4967,1.9469,1.2386,-0.5424,3.0259,635.9343,100.6334,1.653,-0.6765,11.9455,0.0,4.0,-1.0
0.7873,1.5722,1.8206,1.3941,-0.6085,3.0223,744.226,100.8985,1.645,-0.8028,12.072,0.0,1.0,-10.0
0.7884,1.6601,1.679,-0.0276,3.0186,-0.6824,800.7381,101.1425,1.6319,-0.9629,12.2327,0.0,4.0,-10.0
0.827,1.4961,1.7994,-0.2253,3.0171,-0.7464,822.7724,101.3473,1.614,-1.1259,12.3966,0.0,4.0,-1.0
1.3282,0.8939,1.9219,3.0131,-0.4048,0.0878,819.0643,114.7232,1.5984,-1.2932,12.5647,0.0,2.0,-1.0
0.9994,1.891,1.1638,-0.5393,0.9575,3.026,821.1223,113.4525,1.5625,-1.4544,12.7303,0.0,4.0,-1.0
1.1113,1.8425,1.0145,-0.6353,1.034,3.0455,707.8074,127.6729,1.5256,-1.6006,12.8812,0.0,8.0,-1.0
1.1737,1.8216,0.9362,-0.6781,1.0757,3.0585,408.0191,125.8657,1.506,-1.6774,12.9605,0.0,7.0,-1.0
1.2072,1.8057,0.8905,-0.7043,1.0994,3.0608,196.2452,138.9549,1.5001,-1.7228,13.0064,0.0,5.0,-1.0
1.2431,1.8025,0.8519,-0.7195,1.1218,3.0749,170.2854,150.6982,1.4851,-1.7604,13.0478,0.0,2.0,-1.0
0.7877,1.8432,1.3392,0.0206,1.1695,-0.7187,452.744,149.0885,1.4121,-1.8229,13.1442,0.0,1.0,-10.0
0.7172,1.7951,1.4769,0.1787,0.4494,-0.7107,677.5327,162.232,1.3008,-1.9046,13.2823,0.0,2.0,-10.0
0.6764,1.7131,1.6352,0.4018,0.528,-0.6946,764.7284,174.3363,1.1637,-1.9878,13.4427,0.0,5.0,-10.0
0.7033,1.6137,1.7921,0.6388,0.6075,-0.6642,822.9098,160.2841,1.0089,-2.0458,13.6088,0.0,3.0,-10.0
0.7644,1.5276,1.9358,0.8287,0.6872,-0.6378,749.8777,148.7082,0.8649,-2.0938,13.7607,0.0,6.0,-10.0
0.7942,1.4992,2.0149,0.9239,0.7365,-0.6322,435.4734,162.6554,0.7945,-2.1317,13.8413,0.0,8.0,-10.0
0.8137,1.4849,2.0584,0.9729,0.7644,-0.6291,173.3859,161.5821,0.7557,-2.1524,13.8853,0.0,4.0,-1.0
0.8251,1.4769,2.0793,0.9949,0.7778,-0.627,131.0134,161.4666,0.7362,-2.1611,13.9067,0.0,1.0,-1.0
0.876,1.4453,2.1602,1.0726,0.8306,-0.6174,385.5919,161.6735,0.6587,-2.1918,13.9901,0.0,4.0,-1.0
0.9657,1.4036,2.2877,1.1767,0.9179,-0.6036,640.6448,161.9199,0.5366,-2.2396,14.1212,0.0,4.0,-1.0
1.0878,1.3612,2.4376,1.2709,1.0263,-0.5859,765.0143,149.1407,0.3891,-2.289,14.2769,0.0,3.0,-1.0
1.2086,1.3551,2.5945,1.3601,1.1428,-0.5775,805.8364,163.7117,0.2464,-2.3576,14.4358,0.0,2.0,-1.0
1.3477,1.3573,2.7553,1.4279,1.2636,-0.5659,693.6026,148.4375,0.0943,-2.4184,14.6001,0.0,6.0,-1.0
1.4019,1.3647,2.8174,1.4512,1.3096,-0.5623,421.9719,147.1349,0.0364,-2.4431,14.6633,0.0,7.0,-1.0
1.4357,1.3766,2.8596,1.469,1.3391,-0.5618,216.2125,139.1263,0.0,-2.4645,14.7166,0.0,6.0,-1.0
1.4338,1.3961,2.8703,1.4829,1.3424,-0.5677,121.8821,151.4972,0.0,-2.4845,14.7366,0.0,8.0,-1.0
1.4698,1.4096,2.9141,1.5001,1.3721,-0.5671,132.8109,163.389,-0.0378,-2.5066,14.7911,0.0,2.0,-1.0
1.5502,1.4376,3.0067,1.5311,1.4345,-0.5642,435.7196,161.7129,-0.1207,-2.5489,14.8844,0.0,1.0,-1.0
1.6769,1.4723,3.1398,1.5619,1.5249,-0.5549,669.1663,148.9422,-0.2485,-2.5954,15.0206,0.0,3.0,-1.0
1.8448,1.5425,3.3182,-0.0291,-1.5061,-0.5459,754.8277,134.777,-0.4158,-2.664,15.2014,0.0,3.0,-1.0
1.6233,1.9616,3.4516,-1.439,-0.063,-0.5462,767.0541,134.0471,-0.5294,-2.7339,15.3351,0.0,1.0,-1.0
1.7303,2.0762,3.5908,-1.3843,-0.1036,-0.5523,690.1329,149.0565,-0.6368,-2.8251,15.4762,0.0,8.0,-1.0
1.7875,2.1321,3.6592,-1.3614,-0.1235,-0.5562,360.7516,160.1647,-0.6876,-2.8731,15.5461,0.0,5.0,-1.0
2.6083,2.8425,1.1989,1.1885,1.149,2.8748,-11.6125,-4.1891,0.0,0.0318,15.7063,0.0,0.0,-1.0
2.5586,2.8488,1.2381,1.1713,1.1256,2.8305,253.8502,-22.807,0.063,0.0539,15.7801,0.0,3.0,-1.0
2.4913,2.7826,1.3023,1.1439,-0.002,2.7737,480.0813,-20.3857,0.1524,0.0904,15.8768,0.0,7.0,-1.0
2.4479,2.718,1.3596,1.1197,1.5597,2.7387,392.7813,-8.3413,0.2171,0.1261,15.9508,0.0,2.0,-1.0
2.3687,2.6121,1.4364,1.0866,1.5458,2.68,538.4714,-22.9966,0.3237,0.1614,16.0634,0.0,3.0,-1.0
2.2791,2.481,1.548,1.038,1.5222,2.6188,704.645,-8.6885,0.4569,0.2165,16.208,0.0,5.0,-1.0
1.6774,2.1856,2.3366,2.5601,0.9796,1.4933,774.8342,2.8476,0.6054,0.277,16.3684,0.0,5.0,-1.0
2.0786,1.8012,2.1812,0.9212,2.498,1.4697,794.9111,0.9292,0.7648,0.3161,16.5329,0.0,1.0,-1.0
1.9701,1.9265,2.022,0.8589,2.4393,1.4469,799.6912,13.259,0.9285,0.3459,16.6993,0.0,5.0,-1.0
1.8519,2.0404,1.8593,0.7987,2.3791,1.4333,808.2162,11.4833,1.0932,0.3508,16.8645,0.0,1.0,-1.0
1.7282,2.1587,1.688,0.7317,2.3195,1.4229,821.0254,25.1357,1.2654,0.3447,17.0369,0.0,5.0,-1.0
1.5193,2.2618,1.5962,1.4283,2.2589,0.6682,835.3043,22.8335,1.4311,0.3118,17.2062,0.0,4.0,-1.0
1.3509,2.3582,1.4567,1.4501,2.1976,0.6031,856.1343,10.1788,1.5938,0.2586,17.3776,0.0,0.0,-1.0
1.1826,2.3235,1.3293,1.4729,-0.8689,0.5214,835.5347,-1.4286,1.758,0.2116,17.5484,0.0,3.0,-1.0
1.0157,1.2375,2.2353,1.4757,0.4126,-0.931,832.6343,0.6403,1.9238,0.1925,17.7157,0.0,1.0,-1.0
0.8644,1.1857,2.147,1.4577,0.2943,-0.9877,754.5923,13.6118,2.0761,0.1935,17.8682,0.0,8.0,-1.0
0.7775,1.1636,2.0998,1.4446,0.2222,-1.0224,456.1014,24.9668,2.1636,0.1939,17.9559,0.0,2.0,-10.0
0.6814,1.1282,2.0683,1.4541,0.144,-1.0661,437.4066,37.25,2.2582,0.1753,18.0523,0.0,8.0,-10.0
1.1471,2.6811,2.8361,2.9436,1.2121,1.1827,-91.7813,2.1857,-0.0904,-0.0,20.7399,0.0,8.0,-1.0
2.6936,2.7992,1.1876,1.1976,1.1764,2.9485,-6.0621,21.1604,-0.0882,0.0408,20.7399,0.0,5.0,-1.0
2.676,2.8003,1.1999,1.1918,1.168,2.9317,93.1409,31.2422,-0.0661,0.0489,20.7643,0.0,2.0,-1.0
2.6109,2.8362,1.2055,1.1861,1.148,2.8763,277.3849,16.4936,0.0,0.0387,20.8348,0.0,6.0,-1.0
2.61,2.8384,1.2032,1.1869,1.1483,2.8758,185.1938,18.332,0.0,0.0363,20.8392,0.0,7.0,-1.0
2.5581,2.8621,1.2188,1.1789,1.1305,2.8314,141.4984,18.4271,0.056,0.036,20.8959,0.0,1.0,-1.0
1.2148,2.4639,2.7936,2.7541,1.1789,-0.0344,395.2796,32.1522,0.143,-0.0,21.0038,0.0,5.0,-1.0
1.2594,2.3647,2.686,2.6748,1.1615,-0.0357,503.1453,43.869,0.2507,-0.0,21.1115,0.0,8.0,-1.0
1.2907,2.3039,2.6195,2.6288,1.15,-0.0367,257.4814,55.7655,0.3172,-0.0,21.178,0.0,8.0,-1.0
1.3089,2.2708,2.5832,2.6046,1.1435,-0.0372,111.0996,40.761,0.3535,-0.0,21.2143,0.0,3.0,-1.0
1.3237,2.245,2.5548,2.5862,1.1382,-0.0376,60.1329,27.1178,0.3819,-0.0,21.2427,0.0,3.0,-1.0
1.3326,2.2297,2.538,2.5755,1.135,-0.0378,42.8931,26.9402,0.3987,-0.0,21.2595,0.0,4.0,-1.0
1.3802,2.2379,2.5229,2.5855,1.1132,-0.0192,12.7441,29.6837,0.4125,0.0476,21.3122,0.0,7.0,-1.0
1.4032,2.2361,2.5108,2.5858,1.1029,-0.0114,-9.1338,42.9199,0.4243,0.0673,21.3276,0.0,8.0,-1.0
1.4235,2.2315,2.4975,2.5837,1.094,-0.0052,-2.3008,41.3096,0.4375,0.083,21.3276,0.0,7.0,-1.0
1.4451,2.2221,2.4795,2.5784,1.0846,1.5703,25.5493,26.6151,0.4555,0.0972,21.3469,0.0,6.0,-1.0
1.4624,2.2113,2.4622,2.5718,1.0772,1.5665,56.0014,25.8941,0.4728,0.1066,21.3672,0.0,1.0,-1.0
1.4863,2.1578,2.406,2.5369,1.0684,1.57,230.4567,42.039,0.5289,0.098,21.424,0.0,8.0,-1.0
1.5094,2.1148,2.3594,2.5097,1.0597,-0.0012,202.5945,53.3526,0.5755,0.0933,21.4713,0.0,2.0,-1.0
1.523,2.0395,2.2928,2.4608,1.0584,-0.0162,306.6053,65.5073,0.6425,0.0588,21.5467,0.0,8.0,-1.0
1.5381,1.9917,2.2483,2.4309,1.0551,-0.0245,213.4223,51.1596,0.6873,0.041,21.5951,0.0,6.0,-1.0
1.5581,1.9614,2.2149,2.4135,1.0479,-0.026,124.021,39.7054,0.7208,0.0383,21.629,0.0,6.0,-1.0
1.5848,1.9432,2.1871,2.4052,1.0359,-0.0213,74.0903,28.5675,0.7483,0.0494,21.6589,0.0,6.0,-1.0
1.6142,1.9322,2.163,2.4018,1.0215,-0.0131,62.6112,16.7196,0.7721,0.0676,21.6889,0.0,6.0,-1.0
1.6447,1.9263,2.142,2.4016,1.006,-0.0029,59.8208,18.7758,0.793,0.0899,21.7194,0.0,4.0,-1.0
1.6706,1.9178,2.1215,2.3991,0.9931,1.566,77.2238,6.1389,0.8135,0.1061,21.7457,0.0,3.0,-1.0
1.7017,1.9014,2.092,2.3922,0.978,1.5588,138.7741,-6.0057,0.8431,0.1212,21.7796,0.0,0.0,-1.0
1.7813,1.8331,1.9963,2.3597,0.9406,1.5492,450.8404,-17.7755,0.9391,0.1392,21.8772,0.0,3.0,-1.0
1.864,1.7472,1.8991,1.5306,0.8809,2.3216,673.8045,-29.1416,1.0724,0.1709,22.0143,0.0,0.0,-1.0
1.6986,1.6664,2.07,1.4872,0.7849,2.2892,785.0741,-27.4701,1.2423,0.2378,22.1973,0.0,4.0,-1.0
1.5573,1.6163,2.2278,1.4357,0.6896,2.2681,804.4211,-40.9895,1.3918,0.3058,22.3615,0.0,3.0,-1.0
1.4593,2.3526,1.6002,1.3825,2.2588,0.6115,756.233,-50.3421,1.5014,0.3691,22.4882,0.0,6.0,-1.0
1.3989,2.2878,1.6126,1.3269,-0.7455,0.5498,527.9609,-35.756,1.5774,0.4338,22.5887,0.0,2.0,-1.0
1.3254,2.1646,1.6302,1.2539,-0.7508,0.4743,599.2132,-50.7204,1.6755,0.5091,22.7127,0.0,3.0,-1.0
1.2611,2.0354,1.6629,1.1669,-0.7545,0.3982,611.6519,-62.0133,1.7753,0.5916,22.8422,0.0,6.0,-1.0
1.6862,1.2303,1.9625,0.3569,1.1138,-0.7564,355.7884,-60.8142,1.8309,0.6388,22.9153,0.0,4.0,-1.0
1.7011,1.2164,1.9234,0.3355,1.0839,-0.7568,178.4936,-74.5104,1.8599,0.6651,22.9545,0.0,6.0,-1.0
1.7278,1.2219,1.8933,0.3233,1.0565,-0.7486,161.6232,-85.4845,1.8712,0.6971,22.9889,0.0,0.0,-1.0
1.264,1.8219,1.8165,0.9863,-0.7135,0.3014,454.1879,-97.2922,1.8807,0.7935,23.0858,0.0,3.0,-1.0
1.3486,1.7325,1.9534,0.8983,-0.6509,0.2801,685.6348,-109.0765,1.88,0.9361,23.2285,0.0,0.0,-1.0
1.4681,1.657,1.9789,0.8212,-0.5667,1.4009,770.4575,-121.0373,1.8603,1.0963,23.39,0.0,3.0,-1.0
1.6119,1.6194,1.8157,0.7693,-0.4689,1.4115,781.2914,-132.6327,1.8137,1.254,23.5548,0.0,0.0,-1.0
1.6351,1.6595,1.7743,-0.3664,1.4463,0.7452,811.62,-130.8439,1.7317,1.4,23.7228,0.0,1.0,-1.0
1.5312,1.6816,1.9231,1.4944,-0.2807,0.737,749.1584,-130.9728,1.6425,1.52,23.8723,0.0,7.0,-1.0
1.4637,1.7112,2.003,1.5235,-0.2366,0.733,432.3816,-144.0633,1.5948,1.5846,23.9527,0.0,3.0,-1.0
1.4319,1.7444,2.0531,1.5511,-0.2141,0.7379,257.2464,-129.3861,1.5538,1.6151,24.0043,0.0,2.0,-1.0
1.8036,1.363,2.1541,-0.1678,-1.5373,0.7416,469.0882,-143.8433,1.48,1.6845,24.1059,0.0,0.0,-1.0
1.2799,2.291,1.8933,-1.4542,0.748,-0.1113,569.9668,-142.4368,1.3767,1.7755,24.2437,0.0,7.0,-1.0
1.2506,2.3511,1.9384,-1.4118,0.7527,-0.0898,413.2312,-134.4917,1.3276,1.8119,24.3049,0.0,2.0,-1.0
1.1996,2.4551,2.0132,-1.3371,0.7576,-0.0527,494.434,-120.8009,1.2479,1.8797,24.4097,0.0,2.0,-1.0
1.132,2.4264,2.0855,-1.2538,0.2729,-0.0071,585.3515,-135.2448,1.1728,1.971,24.5283,0.0,6.0,-1.0
1.0937,2.3721,2.1271,-1.2022,0.2551,1.5517,368.7081,-133.8371,1.1316,2.0265,24.5974,0.0,4.0,-1.0
1.0728,2.333,2.1594,-1.1631,0.2438,1.5355,247.1566,-120.5464,1.1002,2.0619,24.6447,0.0,2.0,-1.0
1.0265,2.2579,2.222,-1.0799,0.2159,1.5007,461.0049,-109.2795,1.0417,2.1414,24.7435,0.0,2.0,-1.0
0.949,2.1555,2.3131,-0.9377,0.16,1.4425,691.9266,-110.4475,0.9642,2.2816,24.9039,0.0,4.0,-1.0
2.0778,0.8976,2.3927,0.108,-0.8026,1.3963,759.8336,-101.0111,0.902,2.4012,25.0387,0.0,2.0,-1.0
2.0013,0.8527,2.4862,0.0399,-0.6285,1.3438,768.8342,-87.6157,0.8359,2.5454,25.1975,0.0,5.0,-1.0
1.9664,0.8018,2.5598,1.6105,-0.4427,1.2867,814.191,-102.9602,0.8011,2.7032,25.36,0.0,0.0,-10.0
1.9434,0.7824,2.5719,1.6941,-0.2356,0.8759,828.5133,-101.2685,0.7649,2.8641,25.525,0.0,4.0,-10.0
1.9223,0.8159,2.391,1.7966,1.56,0.8424,814.7958,-85.7332,0.7098,3.0555,25.7243,0.0,2.0,-1.0
1.9289,0.8511,2.2845,1.8609,1.4173,0.8153,758.9902,-85.3476,0.6845,3.1768,25.8483,0.0,7.0,-1.0
1.9377,0.8859,2.2104,1.9057,1.3253,0.7948,457.5525,-87.1886,0.6663,3.262,25.9355,0.0,4.0,-1.0
1.9397,0.9103,2.1702,1.929,1.2828,0.7853,217.3443,-100.5351,0.6528,3.3052,25.9809,0.0,6.0,-1.0
1.9275,0.9385,2.1377,1.9446,1.2652,0.7848,106.4078,-98.9504,0.6306,3.3291,26.0139,0.0,4.0,-1.0
1.9147,0.9601,2.1156,1.9543,1.2587,0.7869,79.4241,-89.0369,0.6119,3.3415,26.0365,0.0,5.0,-1.0
1.9096,0.984,2.0855,1.9703,1.2384,0.7835,126.5634,-89.215,0.5955,3.3678,26.0686,0.0,1.0,-1.0
1.9254,1.0273,2.0197,2.0104,1.173,0.7625,344.2369,-75.6749,0.5785,3.4446,26.1474,0.0,8.0,-1.0
1.9334,1.0626,1.973,2.0379,1.1345,0.7494,269.183,-89.7997,0.5625,3.4957,26.201,0.0,6.0,-1.0
1.099,1.929,1.9372,1.1051,0.7392,2.0628,227.296,-101.6891,0.5437,3.5402,26.2494,0.0,0.0,-1.0
1.1717,1.8422,1.9587,1.0429,0.7115,2.1136,476.193,-113.251,0.5134,3.6368,26.3507,0.0,0.0,-1.0
1.2863,1.7179,1.9848,0.9766,0.6745,2.1837,680.6967,-111.4134,0.4598,3.7669,26.4915,0.0,4.0,-1.0
1.4131,1.5888,2.012,0.9261,0.6361,2.2544,705.5754,-110.9028,0.3961,3.8959,26.6354,0.0,7.0,-1.0
1.4906,1.512,2.0207,0.9084,0.6182,2.2946,360.4457,-111.0771,0.3503,3.9634,26.7171,0.0,4.0,-1.0
1.4796,1.5232,2.0195,0.6141,0.9054,2.311,194.5758,-101.4593,0.3274,3.9871,26.7502,0.0,5.0,-1.0
1.4586,1.5444,2.0193,0.6112,0.9033,2.3216,88.3348,-88.2525,0.3127,4.0027,26.7716,0.0,5.0,-1.0
1.4418,1.5617,2.0245,0.6051,0.8983,2.3306,68.8311,-89.7643,0.3039,4.0195,26.7907,0.0,7.0,-1.0
1.432,1.572,2.0293,0.6002,0.8943,2.336,65.7916,-89.7273,0.2998,4.0308,26.8028,0.0,4.0,-1.0
1.422,1.5826,2.0342,0.5952,0.8903,2.3416,47.8358,-89.8226,0.2955,4.0424,26.8153,0.0,4.0,-1.0
1.4164,1.5884,2.0364,0.5929,0.8885,2.3446,35.6043,-99.4083,0.2928,4.0483,26.8219,0.0,6.0,-1.0
1.4086,1.5964,2.0377,0.5908,0.8871,2.3486,34.8263,-112.7681,0.288,4.055,26.8304,0.0,6.0,-1.0
1.3988,1.6061,2.0346,0.5916,0.8884,2.3532,34.2575,-124.4276,0.2791,4.0596,26.8404,0.0,3.0,-1.0
1.387,1.6173,2.0256,0.5965,0.8933,2.3583,33.6241,-122.8479,0.2655,4.0605,26.8541,0.0,4.0,-1.0
1.3783,1.6257,2.0204,0.5992,0.896,2.3622,39.5137,-135.9011,0.2563,4.0623,26.8636,0.0,3.0,-1.0
1.3668,1.6368,2.0135,0.6029,0.8996,2.3674,49.9862,-147.3996,0.2439,4.0647,26.8763,0.0,3.0,-1.0
1.3564,1.6468,2.0048,0.6081,0.9042,2.3719,49.2185,-145.6375,0.2313,4.0648,26.8889,0.0,7.0,-1.0
1.3466,1.6561,1.9959,0.6136,0.9091,2.3762,51.2441,-158.6961,0.219,4.0644,26.9012,0.0,3.0,-1.0
1.3366,1.6656,1.9827,0.6224,0.9164,2.3803,45.7709,-141.5768,0.2041,4.0605,26.9168,0.0,5.0,-1.0
1.3292,1.6729,1.9767,0.6262,0.9196,2.3836,46.6179,-151.4923,0.1951,4.0607,26.9258,0.0,3.0,-1.0
1.3098,1.6921,1.966,0.6326,0.9248,2.3928,108.643,-166.5484,0.1745,4.0653,26.9471,0.0,0.0,-1.0
1.2306,1.7717,1.9246,0.6601,0.9445,2.432,401.0257,-164.8526,0.0902,4.0851,27.0338,0.0,4.0,-1.0
1.869,1.1114,1.8946,2.495,0.7081,0.9705,650.3918,-178.0529,-0.0378,4.1168,27.1751,0.0,0.0,-1.0
1.7942,0.9888,2.0311,2.5684,0.7968,1.0067,757.0842,-162.5604,-0.1908,4.1326,27.3294,0.0,2.0,-1.0
1.7327,0.8748,2.1701,2.6478,0.9065,1.037,766.4998,-151.3503,-0.3426,4.1509,27.4824,0.0,5.0,-1.0
1.7093,0.7301,2.3493,2.7535,1.0474,1.0541,783.5554,-167.6373,-0.517,4.2074,27.6665,0.0,3.0,-10.0
1.701,0.6437,2.4739,2.8283,1.1849,1.0659,774.7576,-167.8064,-0.6396,4.2434,27.7945,0.0,4.0,-10.0
1.6916,0.5712,2.6239,2.9205,1.4141,1.0834,774.8298,-153.4484,-0.7928,4.2755,27.9511,0.0,5.0,-10.0
1.6972,0.5358,2.7594,3.0032,-1.4816,1.0969,667.9844,-141.304,-0.9297,4.3061,28.0914,0.0,8.0,-10.0
2.6188,2.8171,1.2258,1.1787,1.1449,2.8808,-30.7418,1.9466,0.0,0.0596,32.6394,0.0,7.0,-1.0
2.6242,2.8045,1.2392,1.1738,1.1429,2.8837,31.6051,-11.5646,0.0,0.0735,32.6459,0.0,6.0,-1.0
2.6295,2.7921,1.2523,1.169,1.1409,2.8865,124.4107,4.0031,0.0,0.0871,32.6595,0.0,2.0,-1.0
2.5444,2.8255,1.289,1.1508,1.1083,2.8156,414.6457,15.7067,0.0968,0.0964,32.7598,0.0,2.0,-1.0
2.4161,2.7011,1.3311,1.131,-0.0032,2.7157,673.3549,1.8203,0.2339,0.0875,32.8976,0.0,3.0,-1.0
1.3958,2.2778,2.5498,2.6153,1.1048,-0.0054,737.869,10.4053,0.3851,0.0822,33.0497,0.0,8.0,-1.0
1.4551,2.1769,2.4368,2.5477,1.0819,-0.006,510.6386,11.1392,0.4982,0.0813,33.1629,0.0,1.0,-1.0
1.5077,2.0801,2.3324,2.4863,1.0628,-0.0108,594.5209,1.8616,0.6027,0.0707,33.268,0.0,0.0,-1.0
1.5951,1.9448,2.1827,2.4075,1.0303,-0.0167,730.5372,-11.233,0.7525,0.0595,33.4183,0.0,0.0,-1.0
1.733,1.7914,1.9947,2.3305,0.9719,-0.0136,787.0425,-23.8099,0.9405,0.0688,33.6067,0.0,3.0,-1.0
1.8645,1.8516,1.706,1.5674,2.2953,0.9126,772.8221,-14.6623,1.0705,0.1024,33.7418,0.0,8.0,-1.0
1.768,1.9419,1.6474,1.5524,2.2723,0.8641,548.1309,-26.0122,1.1673,0.1286,33.8425,0.0,0.0,-1.0
1.5987,1.6535,2.0666,0.7906,1.5179,2.2562,619.5847,-23.9363,1.2838,0.1835,33.9716,0.0,4.0,-1.0
1.5417,2.1998,1.5678,1.4705,2.246,0.7075,664.7513,-23.4622,1.401,0.2503,34.1066,0.0,7.0,-1.0
1.4768,2.2794,1.5548,1.4388,2.2405,0.6566,426.3936,-35.7522,1.4709,0.2903,34.1872,0.0,3.0,-1.0
1.4468,2.3253,1.5582,1.415,2.2415,0.6272,236.9751,-47.333,1.5056,0.3205,34.2334,0.0,3.0,-1.0
1.4333,2.3659,1.5786,1.3856,2.2491,0.602,207.0055,-58.5707,1.5261,0.3599,34.2779,0.0,0.0,-1.0
1.4067,2.2766,1.631,1.3138,-0.7383,0.545,493.111,-57.2037,1.5745,0.4535,34.3833,0.0,4.0,-1.0
1.3826,2.1547,1.7011,1.2222,-0.718,0.4794,639.0511,-69.6376,1.6355,0.5682,34.5133,0.0,6.0,-1.0
1.3835,1.7589,2.0793,1.1603,0.4429,-0.6988,461.4026,-55.4716,1.6663,0.6481,34.5993,0.0,2.0,-1.0
1.3737,1.8293,1.9654,1.0727,0.3879,-0.6785,580.1834,-70.0553,1.7282,0.7523,34.7208,0.0,3.0,-1.0
1.3862,1.8443,1.9217,0.9755,-0.6475,0.3356,646.709,-54.6449,1.7872,0.8733,34.856,0.0,8.0,-1.0
1.4046,1.7846,1.9769,0.9262,-0.6261,0.3125,390.5114,-43.2629,1.8122,0.94,34.9272,0.0,5.0,-1.0
1.4135,1.7471,2.0081,0.8965,-0.6145,0.2979,208.4818,-44.6076,1.8307,0.9785,34.9701,0.0,7.0,-1.0
1.4193,1.7221,2.0283,0.877,-0.607,0.2881,133.1197,-57.9272,1.8437,1.0035,34.9983,0.0,6.0,-1.0
2.0459,1.7072,1.4285,0.2833,-0.599,0.8644,88.9017,-43.3317,1.8483,1.0232,35.0187,0.0,8.0,-1.0
1.4366,1.6938,2.0325,0.8532,-0.5919,1.4092,79.6416,-58.249,1.8527,1.0407,35.0368,0.0,3.0,-1.0
1.4488,1.6828,2.0137,0.843,-0.5827,1.4074,72.1266,-43.8339,1.8532,1.0598,35.056,0.0,5.0,-1.0
1.4595,1.6742,1.998,0.8349,-0.5747,1.4062,60.3474,-45.7198,1.8531,1.0757,35.072,0.0,7.0,-1.0
1.4713,1.6672,1.9824,0.8279,-0.5663,1.4057,46.7506,-32.8123,1.8513,1.0912,35.0877,0.0,8.0,-1.0
1.4768,1.6467,1.9643,0.8125,-0.5596,1.3983,105.2001,-48.0327,1.8627,1.1116,35.1119,0.0,0.0,-1.0
1.4829,1.5766,1.9177,0.7628,-0.5453,1.3688,334.5026,-59.7221,1.9104,1.168,35.1857,0.0,6.0,-1.0
1.4949,1.5346,1.8841,0.7323,-0.5317,1.3515,256.1314,-47.0378,1.9355,1.2077,35.2331,0.0,5.0,-1.0
1.5047,1.4977,1.8568,0.7059,-0.5203,1.3354,214.757,-48.935,1.9588,1.2411,35.2739,0.0,1.0,-1.0
1.5274,1.4096,1.7982,0.6444,-0.4943,1.2938,443.127,-35.7434,2.0174,1.3171,35.3699,0.0,2.0,-1.0
1.5548,1.3002,1.7381,0.5705,-0.4635,1.2369,568.9167,-37.5097,2.0953,1.4045,35.4871,0.0,7.0,-1.0
1.578,1.2274,1.7009,0.5224,-0.4395,1.1965,416.9966,-51.0023,2.1475,1.4635,35.566,0.0,0.0,-1.0
1.6281,1.1293,1.6421,0.4587,-0.3906,1.1382,543.615,-36.9562,2.214,1.5558,35.68,0.0,2.0,-1.0
1.008,1.5816,1.6952,-0.3203,1.0581,0.383,671.5377,-25.7089,2.3015,1.6684,35.8226,0.0,2.0,-1.0
0.8732,1.5445,1.7642,-0.2376,0.9614,0.3023,717.1715,-14.7959,2.4096,1.7802,35.9782,0.0,5.0,-1.0
0.724,1.5542,1.8187,-0.1578,0.8569,0.2171,769.0015,-16.4448,2.5432,1.872,36.1408,0.0,4.0,-10.0
0.5715,1.5952,1.8742,-0.0559,0.7547,0.1323,782.93,-3.1433,2.6877,1.9538,36.3069,0.0,2.0,-10.0
2.5966,2.8715,1.1683,1.1999,1.1535,2.8676,1.4604,-2.3236,0.0,-0.0,36.6122,0.0,0.0,-1.0
2.5225,2.8568,1.1923,1.1884,-0.0336,2.8032,316.3582,13.2275,0.0797,-0.0,36.6919,0.0,2.0,-1.0
1.2212,2.4484,2.7768,2.7413,1.1762,-0.0346,444.1223,24.5043,0.1598,-0.0,36.772,0.0,8.0,-1.0
1.2549,2.3741,2.6962,2.6821,1.1632,-0.0356,343.6415,24.8805,0.2404,-0.0,36.8526,0.0,1.0,-1.0
1.2959,2.2944,2.6091,2.6218,1.1481,-0.0368,492.1891,16.1249,0.3276,-0.0,36.9398,0.0,3.0,-1.0
1.3242,2.1557,2.4819,2.518,1.1445,-0.0588,654.3685,30.0567,0.4573,-0.0497,37.089,0.0,2.0,-1.0
1.3828,2.0063,2.3397,2.4149,1.1333,-0.0801,722.277,42.1325,0.6027,-0.0912,37.2403,0.0,2.0,-1.0
2.2021,1.4361,1.8458,-0.1165,2.3074,1.1338,773.1286,40.931,0.7477,-0.16,37.4011,0.0,1.0,-1.0
2.0787,1.4853,1.6823,-0.168,2.1992,1.1485,824.6841,28.5227,0.8855,-0.2516,37.5668,0.0,3.0,-1.0
1.5614,1.5194,1.9537,2.104,1.1576,-0.2204,819.7533,43.3565,1.0285,-0.331,37.7308,0.0,5.0,-1.0
1.6418,1.3571,1.8419,2.0143,1.1768,-0.2841,815.7645,41.9576,1.1669,-0.4202,37.8958,0.0,4.0,-1.0
1.7279,1.1961,1.7447,1.93,1.2086,-0.3592,825.2416,41.9087,1.3016,-0.5173,38.0618,0.0,4.0,-1.0
1.031,1.6502,1.8332,1.2442,-0.4424,1.8551,682.53,58.1617,1.4436,-0.6104,38.2318,0.0,8.0,-1.0
0.9659,1.619,1.8755,1.2659,-0.4797,1.826,436.5421,47.2423,1.4987,-0.6512,38.3009,0.0,0.0,-1.0
0.8836,1.5855,1.9083,1.3028,-0.5312,3.0683,429.3622,32.7847,1.568,-0.7072,38.3901,0.0,6.0,-1.0
0.8063,1.542,1.8822,1.3188,-0.573,3.0293,340.0081,48.5971,1.6393,-0.7401,38.4689,0.0,2.0,-10.0
0.7215,1.5125,1.8368,1.368,-0.6306,2.9857,501.2839,49.0538,1.7134,-0.7959,38.5618,0.0,1.0,-10.0
1.4956,1.7572,0.6054,-0.7257,2.919,1.4971,706.2171,33.9111,1.8163,-0.8966,38.7059,0.0,3.0,-10.0
1.4879,1.6833,0.4902,-0.833,2.8364,-0.1306,781.9518,22.6711,1.9341,-1.005,38.866,0.0,3.0,-10.0
2.6092,2.8404,1.2012,1.1877,1.1486,2.8753,53.4204,-10.3716,0.0,0.0341,41.4329,0.0,0.0,-1.0
2.5729,2.8407,1.2356,1.1728,1.13,2.8423,332.0555,-7.9423,0.0482,0.056,41.4961,0.0,7.0,-1.0
2.5426,2.8393,1.2696,1.1584,1.1132,2.8155,256.4438,-7.4162,0.0906,0.078,41.544,0.0,4.0,-1.0
2.521,2.8121,1.2984,1.1463,1.5704,2.7967,179.3161,-7.2364,0.1229,0.0972,41.5818,0.0,1.0,-1.0
2.4522,2.7228,1.3576,1.1206,1.5598,2.7419,424.1432,6.543,0.2123,0.1259,41.6757,0.0,5.0,-1.0
2.3632,2.6141,1.4208,1.0932,1.552,2.6764,549.3742,-7.8955,0.3213,0.1451,41.7867,0.0,6.0,-1.0
2.3107,2.5431,1.4741,1.0703,1.5426,2.6399,388.1794,6.6035,0.3928,0.1677,41.862,0.0,2.0,-1.0
1.5294,2.2381,2.4536,2.592,1.0464,1.5368,420.2773,5.8691,0.4828,0.1795,41.9529,0.0,7.0,-1.0
1.5618,2.1982,2.4036,2.5669,1.0323,1.5333,272.743,-6.869,0.533,0.1862,42.0036,0.0,3.0,-1.0
1.5854,2.1801,2.3767,2.5559,1.0218,1.5285,145.0704,-18.2116,0.5603,0.1964,42.0331,0.0,3.0,-1.0
1.6083,2.1779,2.3637,2.555,1.0113,1.5205,81.82,-16.3366,0.5742,0.2147,42.0564,0.0,4.0,-1.0
2.1834,2.3596,1.6264,1.003,1.5127,2.5586,58.1973,-28.9755,0.5793,0.2331,42.0755,0.0,6.0,-1.0
1.6526,2.1835,2.3469,2.5588,0.991,1.5029,108.0329,-28.3978,0.5935,0.2551,42.1025,0.0,1.0,-1.0
1.7356,2.1512,2.2776,2.5395,0.9526,1.4786,411.4071,-41.6381,0.667,0.3057,42.1918,0.0,0.0,-1.0
1.8845,2.1056,2.1612,2.5112,0.8818,1.4308,656.0352,-55.0826,0.7948,0.3975,42.3493,0.0,3.0,-1.0
2.0046,2.0949,2.0882,2.5006,0.824,1.3849,726.8502,-55.2523,0.8827,0.4819,42.4714,0.0,1.0,-1.0
2.1409,2.0962,2.0157,2.4923,0.7584,1.328,645.6505,-67.2038,0.9783,0.5805,42.6088,0.0,6.0,-1.0
2.2089,2.1041,1.9858,2.4904,0.7262,1.2974,362.3849,-65.352,1.0228,0.6321,42.6771,0.0,4.0,-1.0
2.2467,2.1098,1.9703,2.4895,0.7084,1.2799,145.0348,-65.3616,1.0474,0.661,42.715,0.0,7.0,-1.0
2.2661,2.1154,1.965,2.4902,0.6996,1.2704,112.7019,-65.4112,1.0579,0.6773,42.7345,0.0,1.0,-1.0
1.9578,2.1522,2.3369,1.2298,0.6663,-1.3832,367.9012,-65.5626,1.0899,0.7508,42.8146,0.0,1.0,-1.0
1.9552,2.2079,2.2299,1.1739,0.623,-1.3932,531.1895,-65.3112,1.1317,0.8519,42.924,0.0,7.0,-1.0
1.9569,2.1662,2.2432,1.1405,-1.3995,0.5984,294.8617,-80.428,1.1564,0.9122,42.9892,0.0,3.0,-1.0
1.9659,2.1427,2.2622,1.1294,-1.3981,0.5922,154.7244,-81.0387,1.1574,0.9359,43.0134,0.0,7.0,-1.0
1.9821,2.1176,2.287,1.1185,-1.3935,0.5876,119.2882,-66.7126,1.1522,0.9622,43.0406,0.0,2.0,-1.0
2.0025,2.0315,2.2878,1.0764,-1.396,-0.4232,395.1642,-68.2186,1.1723,1.0462,43.1271,0.0,4.0,-1.0
2.0269,1.9034,2.2003,1.0131,-1.407,-0.3804,636.2932,-77.6684,1.2152,1.1688,43.2571,0.0,3.0,-1.0
1.7726,2.0592,2.1144,-1.4205,0.9498,-0.3333,649.1373,-90.6667,1.2602,1.2941,43.3902,0.0,6.0,-1.0
2.0693,1.6915,2.0888,-0.3007,-1.4262,0.9131,420.8053,-89.9174,1.2818,1.3728,43.4722,0.0,1.0,-1.0
2.0334,1.5985,2.1382,-0.2589,-1.4245,0.8758,443.152,-90.1685,1.2926,1.4653,43.5653,0.0,7.0,-1.0
1.5346,2.1777,2.0151,-1.4203,0.8523,-0.2284,338.0013,-77.435,1.2955,1.5295,43.6297,0.0,2.0,-1.0
1.4286,2.2372,1.9791,-1.4197,0.8126,-0.1785,502.6791,-66.0967,1.3106,1.6344,43.7358,0.0,5.0,-1.0
1.2922,2.3068,1.9259,-1.4304,0.7605,-0.1137,662.2134,-54.5617,1.3448,1.7672,43.873,0.0,2.0,-1.0
1.1184,2.3839,1.8427,-1.4729,0.6906,-0.0283,759.9274,-56.0425,1.4163,1.9337,44.0545,0.0,1.0,-1.0
1.7842,0.9975,2.4394,1.5345,-1.5203,0.6415,792.9918,-56.3229,1.4753,2.0505,44.1854,0.0,4.0,-1.0
1.7192,0.8557,2.5072,1.4509,1.5407,-0.6558,803.0839,-56.7373,1.5514,2.1913,44.3455,0.0,4.0,-1.0
1.6708,0.7345,2.3753,1.3703,1.4406,-0.6313,700.4397,-56.5188,1.6209,2.3184,44.4903,0.0,7.0,-10.0
1.6607,0.6698,2.3135,1.3262,1.3885,-0.6137,392.1316,-43.7487,1.647,2.3879,44.5649,0.0,5.0,-10.0
